{"cameraMode":{"drawMode":0,"name":"Shaded","section":"Shading Mode"},"sceneLighting":false,"audioPlay":false,"sceneViewState":{"m_AlwaysRefresh":false,"showFog":true,"showSkybox":false,"showFlares":true,"showImageEffects":true,"showParticleSystems":true,"showVisualEffectGraphs":true,"m_FxEnabled":true},"in2DMode":false,"pivot":{"x":1.6608364582061768,"y":-1.080440640449524,"z":3.6654164791107179},"rotation":{"x":-0.010360680520534516,"y":0.9383740425109863,"z":-0.02784132957458496,"w":-0.34454941749572756},"size":0.610319972038269,"orthographic":false}