{"cameraMode":{"drawMode":0,"name":"Shaded","section":"Shading Mode"},"sceneLighting":false,"audioPlay":false,"sceneViewState":{"m_AlwaysRefresh":false,"showFog":true,"showSkybox":false,"showFlares":true,"showImageEffects":true,"showParticleSystems":true,"showVisualEffectGraphs":true,"m_FxEnabled":true},"in2DMode":false,"pivot":{"x":230.27764892578126,"y":1745.101806640625,"z":-12.280242919921875},"rotation":{"x":0.02023608610033989,"y":0.11239388585090637,"z":-0.0026471037417650224,"w":0.9936487078666687},"size":224.8847198486328,"orthographic":false}