{"cameraMode":{"drawMode":0,"name":"Shaded","section":"Shading Mode"},"sceneLighting":false,"audioPlay":false,"sceneViewState":{"m_AlwaysRefresh":false,"showFog":true,"showSkybox":false,"showFlares":true,"showImageEffects":true,"showParticleSystems":true,"showVisualEffectGraphs":true,"m_FxEnabled":true},"in2DMode":false,"pivot":{"x":129.86697387695313,"y":1722.0870361328125,"z":-2.77008056640625},"rotation":{"x":0.056384846568107608,"y":-0.004372952040284872,"z":-0.00010574651241768152,"w":0.9985930919647217},"size":138.5736846923828,"orthographic":false}