{"cameraMode":{"drawMode":0,"name":"Shaded","section":"Shading Mode"},"sceneLighting":false,"audioPlay":false,"sceneViewState":{"m_AlwaysRefresh":false,"showFog":true,"showSkybox":false,"showFlares":true,"showImageEffects":true,"showParticleSystems":true,"showVisualEffectGraphs":true,"m_FxEnabled":true},"in2DMode":false,"pivot":{"x":791.3777465820313,"y":1517.950927734375,"z":1.0528349876403809},"rotation":{"x":-0.027338072657585145,"y":0.022365691140294076,"z":0.0008551915525458753,"w":-0.9997807741165161},"size":852.0348510742188,"orthographic":false}