{"cameraMode":{"drawMode":0,"name":"Shaded","section":"Shading Mode"},"sceneLighting":false,"audioPlay":false,"sceneViewState":{"m_AlwaysRefresh":false,"showFog":true,"showSkybox":false,"showFlares":true,"showImageEffects":true,"showParticleSystems":true,"showVisualEffectGraphs":true,"m_FxEnabled":true},"in2DMode":false,"pivot":{"x":-0.9782875776290894,"y":3.3468809127807619,"z":2.0805137157440187},"rotation":{"x":0.04133744537830353,"y":0.9570114016532898,"z":-0.1751418560743332,"w":0.22834412753582},"size":0.014500727877020836,"orthographic":false}