{"cameraMode":{"drawMode":0,"name":"Shaded","section":"Shading Mode"},"sceneLighting":false,"audioPlay":false,"sceneViewState":{"m_AlwaysRefresh":false,"showFog":true,"showSkybox":false,"showFlares":true,"showImageEffects":true,"showParticleSystems":true,"showVisualEffectGraphs":true,"m_FxEnabled":true},"in2DMode":false,"pivot":{"x":0.04344908893108368,"y":-1.6486653089523316,"z":-0.22075556218624116},"rotation":{"x":-0.49513453245162966,"y":0.07485702633857727,"z":-0.042089056223630908,"w":-0.864849328994751},"size":0.012468264438211918,"orthographic":false}