{"cameraMode":{"drawMode":0,"name":"Shaded","section":"Shading Mode"},"sceneLighting":false,"audioPlay":false,"sceneViewState":{"m_AlwaysRefresh":false,"showFog":true,"showSkybox":false,"showFlares":true,"showImageEffects":true,"showParticleSystems":true,"showVisualEffectGraphs":true,"m_FxEnabled":true},"in2DMode":false,"pivot":{"x":1.1710586547851563,"y":-3.3734681606292726,"z":5.493719100952148},"rotation":{"x":-0.028345108032226564,"y":-0.9639211297035217,"z":0.11448471993207932,"w":-0.23897044360637666},"size":0.36262747645378115,"orthographic":false}