{"cameraMode":{"drawMode":0,"name":"Shaded","section":"Shading Mode"},"sceneLighting":false,"audioPlay":false,"sceneViewState":{"m_AlwaysRefresh":false,"showFog":true,"showSkybox":false,"showFlares":true,"showImageEffects":true,"showParticleSystems":true,"showVisualEffectGraphs":true,"m_FxEnabled":true},"in2DMode":false,"pivot":{"x":191.48854064941407,"y":1778.1148681640625,"z":-0.39337158203125},"rotation":{"x":0.06828219443559647,"y":0.043509140610694888,"z":-0.003336135530844331,"w":0.9969047904014587},"size":119.48580169677735,"orthographic":false}