{"cameraMode":{"drawMode":0,"name":"Shaded","section":"Shading Mode"},"sceneLighting":false,"audioPlay":false,"sceneViewState":{"m_AlwaysRefresh":false,"showFog":true,"showSkybox":false,"showFlares":true,"showImageEffects":true,"showParticleSystems":true,"showVisualEffectGraphs":true,"m_FxEnabled":true},"in2DMode":false,"pivot":{"x":0.16634461283683778,"y":0.059400931000709537,"z":0.013976432383060456},"rotation":{"x":-0.15069778263568879,"y":0.6758446097373962,"z":-0.14325527846813203,"w":-0.7074204683303833},"size":0.7116380929946899,"orthographic":false}