{"cameraMode":{"drawMode":0,"name":"Shaded","section":"Shading Mode"},"sceneLighting":false,"audioPlay":false,"sceneViewState":{"m_AlwaysRefresh":false,"showFog":true,"showSkybox":false,"showFlares":true,"showImageEffects":true,"showParticleSystems":true,"showVisualEffectGraphs":true,"m_FxEnabled":true},"in2DMode":false,"pivot":{"x":0.45733684301376345,"y":0.5366767644882202,"z":-2.479940414428711},"rotation":{"x":-0.044161856174468997,"y":0.8821619749069214,"z":-0.4612893760204315,"w":-0.08438413590192795},"size":0.8707589507102966,"orthographic":false}