{"cameraMode":{"drawMode":0,"name":"Shaded","section":"Shading Mode"},"sceneLighting":false,"audioPlay":false,"sceneViewState":{"m_AlwaysRefresh":false,"showFog":true,"showSkybox":false,"showFlares":true,"showImageEffects":true,"showParticleSystems":true,"showVisualEffectGraphs":true,"m_FxEnabled":true},"in2DMode":false,"pivot":{"x":1.3072173595428467,"y":1.123345971107483,"z":-0.5074201822280884},"rotation":{"x":0.09215593338012696,"y":0.850557804107666,"z":-0.15969598293304444,"w":0.49289610981941225},"size":1.8297187089920045,"orthographic":false}