{"cameraMode":{"drawMode":0,"name":"Shaded","section":"Shading Mode"},"sceneLighting":false,"audioPlay":false,"sceneViewState":{"m_AlwaysRefresh":false,"showFog":true,"showSkybox":false,"showFlares":true,"showImageEffects":true,"showParticleSystems":true,"showVisualEffectGraphs":true,"m_FxEnabled":true},"in2DMode":false,"pivot":{"x":0.4847646653652191,"y":0.800636351108551,"z":-2.2388992309570314},"rotation":{"x":-0.23703119158744813,"y":0.08819146454334259,"z":-0.021569855511188508,"w":-0.9672856330871582},"size":0.8660253882408142,"orthographic":false}