{"cameraMode":{"drawMode":0,"name":"Shaded","section":"Shading Mode"},"sceneLighting":true,"audioPlay":false,"sceneViewState":{"m_AlwaysRefresh":false,"showFog":true,"showSkybox":true,"showFlares":true,"showImageEffects":true,"showParticleSystems":true,"showVisualEffectGraphs":true,"m_FxEnabled":true},"in2DMode":false,"pivot":{"x":-0.2951691150665283,"y":0.9300504922866821,"z":0.7551817297935486},"rotation":{"x":0.14231504499912263,"y":-0.6980121731758118,"z":0.14461369812488557,"w":0.6867784857749939},"size":0.8660253882408142,"orthographic":false}