{"cameraMode":{"drawMode":0,"name":"Shaded","section":"Shading Mode"},"sceneLighting":true,"audioPlay":false,"sceneViewState":{"m_AlwaysRefresh":false,"showFog":true,"showSkybox":true,"showFlares":true,"showImageEffects":true,"showParticleSystems":true,"showVisualEffectGraphs":true,"m_FxEnabled":true},"in2DMode":false,"pivot":{"x":3.068136692047119,"y":-1.6285818815231324,"z":1.8307827711105347},"rotation":{"x":-0.052894867956638339,"y":0.9373878836631775,"z":-0.30357250571250918,"w":-0.16301406919956208},"size":0.8660253882408142,"orthographic":false}