{"cameraMode":{"drawMode":0,"name":"Shaded","section":"Shading Mode"},"sceneLighting":false,"audioPlay":false,"sceneViewState":{"m_AlwaysRefresh":false,"showFog":true,"showSkybox":false,"showFlares":true,"showImageEffects":true,"showParticleSystems":true,"showVisualEffectGraphs":true,"m_FxEnabled":true},"in2DMode":false,"pivot":{"x":766.7786254882813,"y":607.4735717773438,"z":-37.0018310546875},"rotation":{"x":0.019776679575443269,"y":0.03949430584907532,"z":0.0009928207146003843,"w":-0.9992061257362366},"size":1141.564697265625,"orthographic":false}