{"cameraMode":{"drawMode":0,"name":"Shaded","section":"Shading Mode"},"sceneLighting":false,"audioPlay":false,"sceneViewState":{"m_AlwaysRefresh":false,"showFog":true,"showSkybox":false,"showFlares":true,"showImageEffects":true,"showParticleSystems":true,"showVisualEffectGraphs":true,"m_FxEnabled":true},"in2DMode":false,"pivot":{"x":-0.010452210903167725,"y":0.4300086498260498,"z":-0.030487418174743654},"rotation":{"x":0.012339269742369652,"y":0.9848591685295105,"z":-0.1543155461549759,"w":0.08045310527086258},"size":0.8660253882408142,"orthographic":false}