{"cameraMode":{"drawMode":0,"name":"Shaded","section":"Shading Mode"},"sceneLighting":false,"audioPlay":false,"sceneViewState":{"m_AlwaysRefresh":false,"showFog":true,"showSkybox":false,"showFlares":true,"showImageEffects":true,"showParticleSystems":true,"showVisualEffectGraphs":true,"m_FxEnabled":true},"in2DMode":false,"pivot":{"x":1.23858642578125,"y":0.5788368582725525,"z":11.550816535949707},"rotation":{"x":0.3600226640701294,"y":-0.029633959755301477,"z":0.011181119829416275,"w":0.9326147437095642},"size":0.5107384324073792,"orthographic":false}