{"cameraMode":{"drawMode":0,"name":"Shaded","section":"Shading Mode"},"sceneLighting":false,"audioPlay":false,"sceneViewState":{"m_AlwaysRefresh":false,"showFog":true,"showSkybox":false,"showFlares":true,"showImageEffects":true,"showParticleSystems":true,"showVisualEffectGraphs":true,"m_FxEnabled":true},"in2DMode":false,"pivot":{"x":0.0014556199312210084,"y":0.569284200668335,"z":-0.20872849225997926},"rotation":{"x":-0.01601683348417282,"y":0.3636299669742584,"z":0.0059924982488155369,"w":0.9315923452377319},"size":0.2855936586856842,"orthographic":false}